Loan_ID,Gender,Marital_Status,Dependents,Education,Self_Employed,Applicant_Income_PHP,Coapplicant_Income_PHP,Loan_Amount_PHP,Loan_Term_Days,Credit_History,Property_Area,Income_Category,Loan_Category,Total_Household_Income_PHP,Loan_to_Income_Ratio
PH001015,Lalaki,Kasal,0,College Graduate,No,686400,0,1100000.0,360.0,1.0,Metro Manila,Middle Class (Class C),Home Improvement/Car,686400,1.6025641025641026
PH001022,Lalaki,Kasal,1,College Graduate,No,369120,180000,1260000.0,360.0,1.0,Metro Manila,Lower Middle (Class C-),Home Improvement/Car,549120,2.2945804195804196
PH001031,Lalaki,Kasal,2,College Graduate,No,600000,216000,2080000.0,360.0,1.0,Metro Manila,Middle Class (Class C),House Purchase,816000,2.549019607843137
PH001035,Lalaki,Kasal,2,College Graduate,No,280800,305520,1000000.0,360.0,1.0,Metro Manila,Lower Middle (Class C-),Home Improvement/Car,586320,1.7055532814845136
PH001051,Lalaki,Single,0,High School/Vocational,No,393120,0,780000.0,360.0,1.0,Metro Manila,Lower Middle (Class C-),Home Improvement/Car,393120,1.9841269841269842
PH001054,Lalaki,Kasal,0,High School/Vocational,Yes,259800,410640,1520000.0,360.0,1.0,Metro Manila,Lower Middle (Class C-),House Purchase,670440,2.2671678300817373
PH001055,Babae,Single,1,High School/Vocational,No,267120,0,590000.0,360.0,1.0,Provincial Cities,Lower Middle (Class C-),Home Improvement/Car,267120,2.2087451332734354
PH001056,Lalaki,Kasal,2,High School/Vocational,No,465720,0,1470000.0,360.0,0.0,Rural Provinces,Lower Middle (Class C-),Home Improvement/Car,465720,3.1564029889203815
PH001059,Lalaki,Kasal,2,College Graduate,No,1635960,0,2800000.0,240.0,1.0,Metro Manila,Upper Middle (Class B),House Purchase,1635960,1.7115332893224773
PH001067,Lalaki,Single,0,High School/Vocational,No,288000,288000,1230000.0,360.0,1.0,Provincial Cities,Lower Middle (Class C-),Home Improvement/Car,576000,2.1354166666666665
PH001078,Lalaki,Single,0,High School/Vocational,No,370920,0,900000.0,360.0,1.0,Metro Manila,Lower Middle (Class C-),Home Improvement/Car,370920,2.4263992235522487
PH001082,Lalaki,Kasal,1,College Graduate,No,262200,181920,1620000.0,360.0,1.0,Provincial Cities,Lower Middle (Class C-),House Purchase,444120,3.647662793839503
PH001083,Lalaki,Single,3+,College Graduate,No,499920,0,400000.0,180.0,1.0,Metro Manila,Lower Middle (Class C-),Small Business/Motorcycle,499920,0.8001280204832774
PH001094,Lalaki,Kasal,2,College Graduate,No,1460760,0,1660000.0,360.0,0.0,Provincial Cities,Upper Middle (Class B),House Purchase,1460760,1.13639475341603
PH001096,Babae,Single,0,College Graduate,No,559920,0,1240000.0,360.0,1.0,Provincial Cities,Middle Class (Class C),Home Improvement/Car,559920,2.2146020860122873
PH001099,Lalaki,Single,1,College Graduate,No,680040,0,1310000.0,360.0,1.0,Metro Manila,Middle Class (Class C),Home Improvement/Car,680040,1.9263572731015823
PH001105,Lalaki,Kasal,2,College Graduate,No,549960,349920,2000000.0,360.0,1.0,Metro Manila,Middle Class (Class C),House Purchase,899880,2.2225185580299596
PH001107,Lalaki,Kasal,3+,College Graduate,No,454320,39960,1260000.0,360.0,1.0,Provincial Cities,Lower Middle (Class C-),Home Improvement/Car,494280,2.5491624180626364
PH001108,Lalaki,Kasal,0,College Graduate,No,1107120,949920,3000000.0,360.0,1.0,Metro Manila,Upper Middle (Class B),House Purchase,2057040,1.4584062536460156
PH001115,Lalaki,Single,0,College Graduate,No,156000,416400,1000000.0,180.0,1.0,Provincial Cities,Low Income (Class D-E),Home Improvement/Car,572400,1.7470300489168413
PH001121,Lalaki,Kasal,1,High School/Vocational,No,226560,194400,480000.0,360.0,1.0,Metro Manila,Low Income (Class D-E),Small Business/Motorcycle,420960,1.1402508551881414
PH001124,Babae,Single,3+,High School/Vocational,No,249960,0,280000.0,180.0,1.0,Metro Manila,Low Income (Class D-E),Small Business/Motorcycle,249960,1.1201792286765881
PH001128,Lalaki,Single,0,College Graduate,No,469080,0,1010000.0,360.0,1.0,Metro Manila,Lower Middle (Class C-),Home Improvement/Car,469080,2.1531508484693442
PH001135,Babae,Single,0,High School/Vocational,No,451800,0,1250000.0,360.0,1.0,Metro Manila,Lower Middle (Class C-),Home Improvement/Car,451800,2.7667109340416114
PH001149,Lalaki,Kasal,0,College Graduate,No,648000,525600,2900000.0,360.0,1.0,Metro Manila,Middle Class (Class C),House Purchase,1173600,2.471029311520109
PH001153,Lalaki,Single,0,College Graduate,No,0,2880000,1480000.0,360.0,0.0,Rural Provinces,Low Income (Class D-E),Home Improvement/Car,2880000,0.5138888888888888
PH001163,Lalaki,Kasal,2,College Graduate,No,523560,150000,1400000.0,360.0,1.0,Metro Manila,Middle Class (Class C),Home Improvement/Car,673560,2.0785082249539757
PH001169,Lalaki,Kasal,0,College Graduate,No,900000,450000,2750000.0,360.0,1.0,Metro Manila,Middle Class (Class C),House Purchase,1350000,2.037037037037037
PH001174,Lalaki,Kasal,0,College Graduate,No,452640,99960,570000.0,360.0,1.0,Provincial Cities,Lower Middle (Class C-),Home Improvement/Car,552600,1.0314875135722041
PH001176,Lalaki,Single,0,College Graduate,No,353040,285840,1250000.0,180.0,1.0,Metro Manila,Lower Middle (Class C-),Home Improvement/Car,638880,1.956548960681192
PH001177,Babae,Single,0,High School/Vocational,No,297360,0,750000.0,360.0,1.0,Provincial Cities,Lower Middle (Class C-),Home Improvement/Car,297360,2.522195318805488
PH001183,Lalaki,Kasal,2,College Graduate,No,750000,98400,1920000.0,360.0,1.0,Metro Manila,Middle Class (Class C),House Purchase,848400,2.263083451202263
PH001185,Lalaki,Single,0,College Graduate,No,392160,201960,1520000.0,360.0,1.0,Provincial Cities,Lower Middle (Class C-),House Purchase,594120,2.5584057092843198
PH001187,Lalaki,Kasal,0,College Graduate,No,333960,324960,1580000.0,360.0,1.0,Metro Manila,Lower Middle (Class C-),House Purchase,658920,2.397863170035816
PH001190,Lalaki,Kasal,0,College Graduate,No,328800,184920,1010000.0,360.0,1.0,Metro Manila,Lower Middle (Class C-),Home Improvement/Car,513720,1.9660515455890368
PH001203,Lalaki,Single,0,College Graduate,No,378000,0,1760000.0,360.0,0.0,Provincial Cities,Lower Middle (Class C-),House Purchase,378000,4.656084656084656
PH001208,Lalaki,Kasal,2,College Graduate,No,882000,483480,1850000.0,180.0,1.0,Metro Manila,Middle Class (Class C),House Purchase,1365480,1.354834929841521
PH001210,Lalaki,Kasal,0,College Graduate,Yes,272040,335040,900000.0,360.0,1.0,Metro Manila,Lower Middle (Class C-),Home Improvement/Car,607080,1.4825064241945047
PH001211,Lalaki,Single,0,College Graduate,Yes,699960,0,1160000.0,360.0,1.0,Metro Manila,Middle Class (Class C),Home Improvement/Car,699960,1.657237556431796
PH001219,Lalaki,Single,0,College Graduate,No,437160,235560,1380000.0,360.0,1.0,Metro Manila,Lower Middle (Class C-),Home Improvement/Car,672720,2.051373528362469
PH001220,Lalaki,Kasal,0,College Graduate,No,675480,98160,1000000.0,360.0,1.0,Metro Manila,Middle Class (Class C),Home Improvement/Car,773640,1.2925908691381005
PH001221,Babae,Single,0,College Graduate,No,437280,0,1100000.0,360.0,1.0,Metro Manila,Lower Middle (Class C-),Home Improvement/Car,437280,2.5155506769118183
PH001226,Lalaki,Kasal,0,High School/Vocational,No,210000,242880,900000.0,360.0,1.0,Provincial Cities,Low Income (Class D-E),Home Improvement/Car,452880,1.987281399046105
PH001230,Lalaki,Single,0,College Graduate,No,780000,312000,2000000.0,360.0,1.0,Provincial Cities,Middle Class (Class C),House Purchase,1092000,1.8315018315018314
PH001231,Babae,Single,0,College Graduate,No,439920,0,840000.0,360.0,1.0,Metro Manila,Lower Middle (Class C-),Home Improvement/Car,439920,1.9094380796508457
PH001232,Lalaki,Kasal,0,College Graduate,No,511200,468000,1850000.0,360.0,1.0,Metro Manila,Middle Class (Class C),House Purchase,979200,1.889297385620915
PH001237,Lalaki,Kasal,0,High School/Vocational,No,499560,177000,1620000.0,360.0,1.0,Metro Manila,Lower Middle (Class C-),House Purchase,676560,2.3944661227385597
PH001242,Lalaki,Single,0,High School/Vocational,No,282720,228240,1080000.0,360.0,1.0,Provincial Cities,Lower Middle (Class C-),Home Improvement/Car,510960,2.1136683889149834
PH001268,Lalaki,Single,0,College Graduate,No,815040,400560,1870000.0,360.0,1.0,Metro Manila,Middle Class (Class C),House Purchase,1215600,1.5383349786113854
PH001270,Lalaki,Kasal,3+,High School/Vocational,Yes,960000,30000,1870000.0,360.0,1.0,Provincial Cities,Middle Class (Class C),House Purchase,990000,1.8888888888888888
PH001284,Lalaki,Kasal,1,College Graduate,No,290280,204840,1240000.0,360.0,1.0,Metro Manila,Lower Middle (Class C-),Home Improvement/Car,495120,2.5044433672645017
PH001287,Lalaki,Kasal,3+,High School/Vocational,No,420000,99960,1200000.0,360.0,1.0,Provincial Cities,Lower Middle (Class C-),Home Improvement/Car,519960,2.3078698361412417
PH001291,Lalaki,Kasal,1,College Graduate,No,420000,369240,1600000.0,360.0,1.0,Provincial Cities,Lower Middle (Class C-),House Purchase,789240,2.0272667376210025
PH001298,Lalaki,Kasal,2,College Graduate,No,493920,120000,300000.0,180.0,1.0,Metro Manila,Lower Middle (Class C-),Small Business/Motorcycle,613920,0.48866301798279904
PH001312,Lalaki,Kasal,0,High School/Vocational,Yes,635160,0,920000.0,360.0,1.0,Metro Manila,Middle Class (Class C),Home Improvement/Car,635160,1.448453932867309
PH001313,Lalaki,Single,0,College Graduate,No,330000,0,1300000.0,360.0,0.0,Metro Manila,Lower Middle (Class C-),Home Improvement/Car,330000,3.9393939393939394
PH001317,Babae,Single,0,High School/Vocational,No,528240,0,1300000.0,360.0,1.0,Rural Provinces,Middle Class (Class C),Home Improvement/Car,528240,2.461002574587309
PH001321,Lalaki,Kasal,2,College Graduate,No,433560,424680,1340000.0,180.0,1.0,Provincial Cities,Lower Middle (Class C-),Home Improvement/Car,858240,1.5613348247576435
PH001323,Babae,Kasal,2,College Graduate,No,333480,439680,1760000.0,360.0,0.0,Provincial Cities,Lower Middle (Class C-),House Purchase,773160,2.2763722903409387
PH001324,Lalaki,Kasal,3+,College Graduate,No,566400,0,900000.0,180.0,1.0,Provincial Cities,Middle Class (Class C),Home Improvement/Car,566400,1.5889830508474576
PH001332,Lalaki,Kasal,0,High School/Vocational,No,289800,206520,1100000.0,360.0,1.0,Provincial Cities,Lower Middle (Class C-),Home Improvement/Car,496320,2.2163120567375887
PH001335,Lalaki,Kasal,0,College Graduate,Yes,841920,35040,1250000.0,360.0,1.0,Metro Manila,Middle Class (Class C),Home Improvement/Car,876960,1.4253785805509944
PH001338,Babae,Single,2,College Graduate,No,596160,0,1890000.0,360.0,1.0,Provincial Cities,Middle Class (Class C),House Purchase,596160,3.170289855072464
PH001347,Babae,Single,0,College Graduate,No,252120,180000,1080000.0,360.0,0.0,Rural Provinces,Lower Middle (Class C-),Home Improvement/Car,432120,2.4993057484032213
PH001348,Lalaki,Kasal,3+,High School/Vocational,No,538800,0,1250000.0,360.0,1.0,Metro Manila,Middle Class (Class C),Home Improvement/Car,538800,2.319970304380104
PH001351,Lalaki,Kasal,0,College Graduate,No,350040,429960,1380000.0,360.0,1.0,Provincial Cities,Lower Middle (Class C-),Home Improvement/Car,780000,1.7692307692307692
PH001352,Lalaki,Kasal,0,High School/Vocational,No,564000,0,1350000.0,360.0,0.0,Provincial Cities,Middle Class (Class C),Home Improvement/Car,564000,2.393617021276596
PH001358,Lalaki,Kasal,0,College Graduate,No,413400,0,1300000.0,360.0,0.0,Provincial Cities,Lower Middle (Class C-),Home Improvement/Car,413400,3.1446540880503147
PH001359,Lalaki,Kasal,0,College Graduate,No,919920,0,1870000.0,360.0,1.0,Provincial Cities,Middle Class (Class C),House Purchase,919920,2.032785459605183
PH001361,Lalaki,Kasal,0,College Graduate,No,294960,612600,1880000.0,360.0,0.0,Rural Provinces,Lower Middle (Class C-),House Purchase,907560,2.07148838644277
PH001366,Babae,Single,0,College Graduate,No,390000,0,950000.0,360.0,1.0,Provincial Cities,Lower Middle (Class C-),Home Improvement/Car,390000,2.4358974358974357
PH001368,Lalaki,Single,0,College Graduate,No,535560,0,650000.0,360.0,1.0,Provincial Cities,Middle Class (Class C),Home Improvement/Car,535560,1.2136828740010457
PH001375,Lalaki,Kasal,1,College Graduate,No,489960,213000,1390000.0,60.0,1.0,Metro Manila,Lower Middle (Class C-),Home Improvement/Car,702960,1.9773529077045635
PH001380,Lalaki,Kasal,0,College Graduate,Yes,468000,251280,2320000.0,360.0,1.0,Rural Provinces,Lower Middle (Class C-),House Purchase,719280,3.225447669892114
PH001386,Lalaki,Kasal,0,High School/Vocational,No,570000,429960,1440000.0,360.0,1.0,Provincial Cities,Middle Class (Class C),Home Improvement/Car,999960,1.440057602304092
PH001400,Lalaki,Single,0,College Graduate,No,429960,412200,1550000.0,360.0,1.0,Metro Manila,Lower Middle (Class C-),House Purchase,842160,1.840505367151135
PH001407,Lalaki,Kasal,0,College Graduate,No,382680,284040,1860000.0,360.0,1.0,Metro Manila,Lower Middle (Class C-),House Purchase,666720,2.7897768178545714
PH001413,Lalaki,Single,0,College Graduate,Yes,762720,0,500000.0,360.0,1.0,Rural Provinces,Middle Class (Class C),Home Improvement/Car,762720,0.6555485630375498
PH001415,Lalaki,Kasal,1,College Graduate,No,409560,486360,1250000.0,360.0,1.0,Provincial Cities,Lower Middle (Class C-),Home Improvement/Car,895920,1.3952138583802125
PH001419,Babae,Kasal,0,College Graduate,No,954000,0,1850000.0,360.0,1.0,Metro Manila,Middle Class (Class C),House Purchase,954000,1.9392033542976939
PH001420,Lalaki,Kasal,3+,College Graduate,No,459480,132360,1630000.0,360.0,0.0,Metro Manila,Lower Middle (Class C-),House Purchase,591840,2.7541227358745606
PH001428,Lalaki,Kasal,3+,College Graduate,No,8703480,0,3600000.0,360.0,1.0,Metro Manila,Upper Class (Class A-B),House Purchase,8703480,0.4136276523873209
PH001445,Lalaki,Kasal,2,High School/Vocational,No,496320,0,1490000.0,480.0,0.0,Rural Provinces,Lower Middle (Class C-),Home Improvement/Car,496320,3.002095422308188
PH001446,Lalaki,Kasal,0,College Graduate,No,1013880,0,2570000.0,360.0,1.0,Rural Provinces,Upper Middle (Class B),House Purchase,1013880,2.534816743598848
PH001450,Lalaki,Kasal,0,College Graduate,No,534720,0,1310000.0,180.0,0.0,Provincial Cities,Middle Class (Class C),Home Improvement/Car,534720,2.4498803111909035
PH001452,Lalaki,Kasal,2,College Graduate,No,556200,960000,1020000.0,180.0,1.0,Rural Provinces,Middle Class (Class C),Home Improvement/Car,1516200,0.6727344677483181
PH001455,Lalaki,Kasal,0,College Graduate,No,428520,230040,1350000.0,360.0,1.0,Metro Manila,Lower Middle (Class C-),Home Improvement/Car,658560,2.049927113702624
PH001466,Lalaki,Single,0,College Graduate,No,367920,0,950000.0,360.0,1.0,Provincial Cities,Lower Middle (Class C-),Home Improvement/Car,367920,2.5820830615351165
PH001471,Lalaki,Single,2,High School/Vocational,No,388200,241800,770000.0,360.0,1.0,Provincial Cities,Lower Middle (Class C-),Home Improvement/Car,630000,1.2222222222222223
PH001472,Babae,Single,0,College Graduate,No,606960,0,2000000.0,360.0,1.0,Rural Provinces,Middle Class (Class C),House Purchase,606960,3.295110056675893
PH001475,Lalaki,Kasal,0,College Graduate,Yes,382560,274320,1300000.0,360.0,1.0,Rural Provinces,Lower Middle (Class C-),Home Improvement/Car,656880,1.979052490561442
PH001483,Lalaki,Kasal,3+,College Graduate,No,1622160,0,3900000.0,360.0,1.0,Rural Provinces,Upper Middle (Class B),House Purchase,1622160,2.40420180500074
PH001486,Lalaki,Kasal,1,College Graduate,No,523680,300000,1850000.0,360.0,1.0,Provincial Cities,Middle Class (Class C),House Purchase,823680,2.246017871017871
PH001490,Lalaki,Kasal,2,High School/Vocational,No,571920,197520,1000000.0,360.0,1.0,Provincial Cities,Middle Class (Class C),Home Improvement/Car,769440,1.2996464961530463
PH001496,Lalaki,Kasal,1,College Graduate,No,553080,279960,1230000.0,360.0,0.0,Provincial Cities,Middle Class (Class C),Home Improvement/Car,833040,1.4765197349467012
PH001499,Babae,Kasal,3+,College Graduate,No,751200,0,1100000.0,360.0,1.0,Provincial Cities,Middle Class (Class C),Home Improvement/Car,751200,1.4643237486687966
PH001500,Lalaki,Kasal,1,College Graduate,No,399960,504000,2560000.0,360.0,1.0,Metro Manila,Lower Middle (Class C-),House Purchase,903960,2.8319837160936325
PH001501,Lalaki,Kasal,0,College Graduate,No,420000,390000,1400000.0,360.0,1.0,Provincial Cities,Lower Middle (Class C-),Home Improvement/Car,810000,1.728395061728395
PH001517,Lalaki,Kasal,3+,College Graduate,No,1166280,0,610000.0,360.0,1.0,Metro Manila,Upper Middle (Class B),Home Improvement/Car,1166280,0.523030490105292
PH001527,Lalaki,Kasal,3+,College Graduate,No,820200,0,1880000.0,360.0,1.0,Provincial Cities,Middle Class (Class C),House Purchase,820200,2.2921238722262864
PH001534,Lalaki,Single,0,College Graduate,No,534240,0,1310000.0,360.0,1.0,Rural Provinces,Middle Class (Class C),Home Improvement/Car,534240,2.452081461515424
PH001542,Babae,Kasal,0,College Graduate,No,271440,0,1250000.0,480.0,0.0,Provincial Cities,Lower Middle (Class C-),Home Improvement/Car,271440,4.605069260241674
PH001547,Lalaki,Kasal,1,College Graduate,No,468120,0,1160000.0,360.0,1.0,Metro Manila,Lower Middle (Class C-),Home Improvement/Car,468120,2.477997094762027
PH001548,Lalaki,Kasal,2,High School/Vocational,No,322440,0,500000.0,180.0,1.0,Rural Provinces,Lower Middle (Class C-),Home Improvement/Car,322440,1.5506760947773228
PH001558,Lalaki,Single,0,College Graduate,No,269160,267960,1070000.0,360.0,1.0,Provincial Cities,Lower Middle (Class C-),Home Improvement/Car,537120,1.9921060470658325
PH001561,Babae,Kasal,0,College Graduate,No,410040,154440,2000000.0,360.0,1.0,Provincial Cities,Lower Middle (Class C-),House Purchase,564480,3.5430839002267573
PH001563,Lalaki,Single,0,College Graduate,No,191520,211200,1190000.0,360.0,0.0,Metro Manila,Low Income (Class D-E),Home Improvement/Car,402720,2.954906634882797
PH001567,Lalaki,Kasal,3+,College Graduate,No,541560,0,1200000.0,360.0,1.0,Rural Provinces,Middle Class (Class C),Home Improvement/Car,541560,2.215820961666297
PH001568,Lalaki,Kasal,0,College Graduate,No,540000,0,1400000.0,360.0,1.0,Provincial Cities,Middle Class (Class C),Home Improvement/Car,540000,2.5925925925925926
PH001573,Lalaki,Kasal,0,High School/Vocational,No,542760,162000,1650000.0,360.0,1.0,Metro Manila,Middle Class (Class C),House Purchase,704760,2.341222543844713
PH001584,Babae,Single,0,College Graduate,Yes,569040,0,1080000.0,360.0,1.0,Provincial Cities,Middle Class (Class C),Home Improvement/Car,569040,1.8979333614508647
PH001587,Lalaki,Kasal,0,College Graduate,No,489840,0,930000.0,360.0,1.0,Provincial Cities,Lower Middle (Class C-),Home Improvement/Car,489840,1.898579127878491
PH001589,Babae,Single,0,College Graduate,No,410040,0,1020000.0,360.0,1.0,Metro Manila,Lower Middle (Class C-),Home Improvement/Car,410040,2.487562189054726
PH001591,Babae,Kasal,2,College Graduate,No,350640,407520,1220000.0,360.0,1.0,Provincial Cities,Lower Middle (Class C-),Home Improvement/Car,758160,1.609159016566424
PH001599,Lalaki,Kasal,0,College Graduate,No,500040,570480,1600000.0,360.0,1.0,Rural Provinces,Middle Class (Class C),House Purchase,1070520,1.494600754773381
PH001601,Lalaki,Single,3+,College Graduate,No,509160,494760,1570000.0,360.0,1.0,Provincial Cities,Middle Class (Class C),House Purchase,1003920,1.5638696310462985
PH001607,Babae,Single,0,High School/Vocational,No,0,211200,1800000.0,360.0,1.0,Provincial Cities,Low Income (Class D-E),House Purchase,211200,8.522727272727273
PH001611,Lalaki,Kasal,1,College Graduate,No,181920,348000,800000.0,360.0,0.0,Rural Provinces,Low Income (Class D-E),Home Improvement/Car,529920,1.5096618357487923
PH001613,Babae,Single,0,College Graduate,No,211440,319920,1040000.0,360.0,0.0,Metro Manila,Low Income (Class D-E),Home Improvement/Car,531360,1.9572417946401686
PH001622,Lalaki,Kasal,2,College Graduate,No,86880,421200,2130000.0,360.0,0.0,Rural Provinces,Low Income (Class D-E),House Purchase,508080,4.192253188474256
PH001627,Lalaki,Single,0,College Graduate,No,375000,0,650000.0,360.0,1.0,Metro Manila,Lower Middle (Class C-),Home Improvement/Car,375000,1.7333333333333334
PH001650,Lalaki,Kasal,0,College Graduate,No,279960,456360,1460000.0,360.0,1.0,Rural Provinces,Lower Middle (Class C-),Home Improvement/Car,736320,1.9828335506301609
PH001651,Lalaki,Kasal,3+,College Graduate,No,402000,187200,1350000.0,360.0,1.0,Metro Manila,Lower Middle (Class C-),Home Improvement/Car,589200,2.291242362525458
PH001652,Lalaki,Single,0,College Graduate,No,300000,769680,1870000.0,360.0,0.0,Rural Provinces,Lower Middle (Class C-),House Purchase,1069680,1.748186373494877
PH001655,Babae,Single,0,College Graduate,No,1500000,0,3000000.0,360.0,0.0,Metro Manila,Upper Middle (Class B),House Purchase,1500000,2.0
PH001660,Lalaki,Single,0,College Graduate,No,560040,0,1200000.0,360.0,1.0,Provincial Cities,Middle Class (Class C),Home Improvement/Car,560040,2.142704092564817
PH001662,Lalaki,Single,0,College Graduate,No,780000,0,710000.0,360.0,0.0,Metro Manila,Middle Class (Class C),Home Improvement/Car,780000,0.9102564102564102
PH001663,Lalaki,Kasal,2,College Graduate,No,900000,0,2250000.0,360.0,1.0,Metro Manila,Middle Class (Class C),House Purchase,900000,2.5
PH001667,Lalaki,Single,0,College Graduate,No,368760,0,700000.0,180.0,1.0,Metro Manila,Lower Middle (Class C-),Home Improvement/Car,368760,1.8982536066818527
PH001695,Lalaki,Kasal,1,High School/Vocational,No,398520,250560,700000.0,360.0,1.0,Provincial Cities,Lower Middle (Class C-),Home Improvement/Car,649080,1.0784494977506625
PH001703,Lalaki,Kasal,0,College Graduate,No,399960,152400,1240000.0,360.0,1.0,Metro Manila,Lower Middle (Class C-),Home Improvement/Car,552360,2.244912738069375
PH001718,Lalaki,Single,0,College Graduate,No,406920,0,1320000.0,360.0,1.0,Rural Provinces,Lower Middle (Class C-),Home Improvement/Car,406920,3.2438808611029195
PH001728,Lalaki,Kasal,1,College Graduate,Yes,401160,182040,1050000.0,360.0,1.0,Rural Provinces,Lower Middle (Class C-),Home Improvement/Car,583200,1.800411522633745
PH001735,Babae,Single,1,College Graduate,No,434400,0,900000.0,360.0,1.0,Metro Manila,Lower Middle (Class C-),Home Improvement/Car,434400,2.0718232044198897
PH001737,Lalaki,Single,0,College Graduate,No,480000,0,830000.0,84.0,1.0,Metro Manila,Lower Middle (Class C-),Home Improvement/Car,480000,1.7291666666666667
PH001739,Lalaki,Kasal,0,College Graduate,No,510960,0,1250000.0,360.0,1.0,Metro Manila,Middle Class (Class C),Home Improvement/Car,510960,2.446375450133083
PH001742,Lalaki,Kasal,2,College Graduate,No,540000,0,1470000.0,360.0,1.0,Rural Provinces,Middle Class (Class C),Home Improvement/Car,540000,2.7222222222222223
PH001757,Lalaki,Kasal,1,College Graduate,No,241680,351000,1200000.0,360.0,1.0,Rural Provinces,Low Income (Class D-E),Home Improvement/Car,592680,2.024701356549909
PH001769,Lalaki,Single,0,College Graduate,No,399960,150000,1100000.0,360.0,1.0,Provincial Cities,Lower Middle (Class C-),Home Improvement/Car,549960,2.0001454651247363
PH001771,Babae,Single,3+,College Graduate,No,489960,0,1030000.0,360.0,1.0,Provincial Cities,Lower Middle (Class C-),Home Improvement/Car,489960,2.102212425504123
PH001785,Lalaki,Single,0,College Graduate,No,567240,0,1500000.0,360.0,0.0,Rural Provinces,Middle Class (Class C),House Purchase,567240,2.644383329807489
PH001787,Lalaki,Kasal,3+,College Graduate,No,370680,359880,1000000.0,240.0,1.0,Rural Provinces,Lower Middle (Class C-),Home Improvement/Car,730560,1.3688129653964083
PH001789,Lalaki,Kasal,3+,High School/Vocational,No,815280,63360,1390000.0,360.0,0.0,Metro Manila,Middle Class (Class C),Home Improvement/Car,878640,1.5819903487207503
PH001791,Lalaki,Kasal,0,College Graduate,Yes,3840000,0,5500000.0,360.0,1.0,Provincial Cities,Upper Class (Class A-B),Luxury/Investment Property,3840000,1.4322916666666667
PH001794,Lalaki,Kasal,2,College Graduate,Yes,1306800,0,2600000.0,12.0,1.0,Rural Provinces,Upper Middle (Class B),House Purchase,1306800,1.9895928986838078
PH001797,Babae,Single,0,College Graduate,No,1552920,0,1500000.0,300.0,1.0,Metro Manila,Upper Middle (Class B),House Purchase,1552920,0.9659222625763079
PH001815,Lalaki,Single,0,High School/Vocational,No,393120,0,900000.0,360.0,1.0,Provincial Cities,Lower Middle (Class C-),Home Improvement/Car,393120,2.2893772893772892
PH001817,Lalaki,Single,0,High School/Vocational,Yes,1044360,0,1990000.0,360.0,0.0,Rural Provinces,Upper Middle (Class B),House Purchase,1044360,1.9054732084721744
PH001818,Lalaki,Kasal,1,College Graduate,No,569040,86040,1390000.0,360.0,1.0,Provincial Cities,Middle Class (Class C),Home Improvement/Car,655080,2.1218782438786103
PH001822,Lalaki,Single,0,College Graduate,No,708000,0,1500000.0,360.0,1.0,Metro Manila,Middle Class (Class C),House Purchase,708000,2.1186440677966103
PH001827,Lalaki,Single,0,College Graduate,No,368520,517080,1800000.0,360.0,1.0,Metro Manila,Lower Middle (Class C-),House Purchase,885600,2.032520325203252
PH001831,Lalaki,Kasal,0,College Graduate,No,333960,174720,1130000.0,360.0,1.0,Metro Manila,Lower Middle (Class C-),Home Improvement/Car,508680,2.2214358732405444
PH001842,Lalaki,Single,0,College Graduate,No,600000,0,1480000.0,360.0,1.0,Rural Provinces,Middle Class (Class C),Home Improvement/Car,600000,2.466666666666667
PH001853,Lalaki,Kasal,1,High School/Vocational,No,295560,283200,1170000.0,360.0,0.0,Metro Manila,Lower Middle (Class C-),Home Improvement/Car,578760,2.0215633423180592
PH001855,Lalaki,Kasal,2,College Graduate,No,582600,0,720000.0,360.0,1.0,Rural Provinces,Middle Class (Class C),Home Improvement/Car,582600,1.235839340885685
PH001857,Lalaki,Single,0,High School/Vocational,Yes,191880,296880,1250000.0,300.0,1.0,Provincial Cities,Low Income (Class D-E),Home Improvement/Car,488760,2.5574924298224078
PH001862,Lalaki,Kasal,2,College Graduate,Yes,509520,509520,2140000.0,360.0,1.0,Metro Manila,Middle Class (Class C),House Purchase,1019040,2.1000157010519707
PH001867,Lalaki,Kasal,0,College Graduate,No,519960,274920,1330000.0,350.0,1.0,Rural Provinces,Middle Class (Class C),Home Improvement/Car,794880,1.6732085346215781
PH001878,Lalaki,Single,1,College Graduate,No,698760,303480,1870000.0,360.0,1.0,Provincial Cities,Middle Class (Class C),House Purchase,1002240,1.8658205619412516
PH001881,Lalaki,Kasal,0,High School/Vocational,No,947400,0,1430000.0,360.0,1.0,Rural Provinces,Middle Class (Class C),Home Improvement/Car,947400,1.5093941313067343
PH001886,Lalaki,Single,0,College Graduate,No,498000,510720,2090000.0,360.0,1.0,Rural Provinces,Lower Middle (Class C-),House Purchase,1008720,2.0719327464509476
PH001906,Lalaki,Single,0,College Graduate,No,355680,0,840000.0,360.0,0.0,Provincial Cities,Lower Middle (Class C-),Home Improvement/Car,355680,2.361673414304993
PH001909,Lalaki,Single,0,College Graduate,No,669960,0,1160000.0,360.0,1.0,Metro Manila,Middle Class (Class C),Home Improvement/Car,669960,1.731446653531554
PH001911,Babae,Single,0,College Graduate,No,324960,0,650000.0,360.0,1.0,Rural Provinces,Lower Middle (Class C-),Home Improvement/Car,324960,2.000246184145741
PH001921,Lalaki,Single,1,College Graduate,No,381600,284400,800000.0,240.0,1.0,Rural Provinces,Lower Middle (Class C-),Home Improvement/Car,666000,1.2012012012012012
PH001923,Lalaki,Single,0,High School/Vocational,No,272160,0,1700000.0,360.0,0.0,Provincial Cities,Lower Middle (Class C-),House Purchase,272160,6.246325690770135
PH001933,Lalaki,Single,2,High School/Vocational,No,136920,242040,1200000.0,360.0,0.0,Metro Manila,Low Income (Class D-E),Home Improvement/Car,378960,3.1665611146295123
PH001943,Lalaki,Kasal,0,College Graduate,No,365040,380040,1350000.0,360.0,1.0,Metro Manila,Lower Middle (Class C-),Home Improvement/Car,745080,1.8118859719761635
PH001950,Babae,Kasal,3+,College Graduate,No,210000,352200,940000.0,360.0,0.0,Provincial Cities,Low Income (Class D-E),Home Improvement/Car,562200,1.672002845962291
PH001959,Babae,Kasal,1,College Graduate,No,427680,0,790000.0,360.0,1.0,Rural Provinces,Lower Middle (Class C-),Home Improvement/Car,427680,1.8471754582865694
PH001961,Babae,Single,0,College Graduate,No,474960,0,1100000.0,360.0,1.0,Rural Provinces,Lower Middle (Class C-),Home Improvement/Car,474960,2.315984503958228
PH001973,Lalaki,Kasal,2,High School/Vocational,No,537960,0,1300000.0,360.0,1.0,Rural Provinces,Middle Class (Class C),Home Improvement/Car,537960,2.4165365454680647
PH001975,Lalaki,Kasal,0,College Graduate,No,627000,0,1430000.0,360.0,1.0,Rural Provinces,Middle Class (Class C),Home Improvement/Car,627000,2.280701754385965
PH001979,Lalaki,Single,0,College Graduate,No,362040,341400,1590000.0,180.0,0.0,Metro Manila,Lower Middle (Class C-),House Purchase,703440,2.260320709655408
PH001995,Lalaki,Kasal,0,High School/Vocational,No,291720,218400,1100000.0,360.0,0.0,Rural Provinces,Lower Middle (Class C-),Home Improvement/Car,510120,2.1563553673645415
PH001999,Lalaki,Kasal,2,College Graduate,No,589440,553680,1600000.0,360.0,1.0,Rural Provinces,Middle Class (Class C),House Purchase,1143120,1.3996780740429702
PH002007,Lalaki,Kasal,2,High School/Vocational,No,300000,399960,1310000.0,360.0,1.0,Metro Manila,Lower Middle (Class C-),Home Improvement/Car,699960,1.871535516315218
PH002009,Babae,Single,0,College Graduate,No,350160,0,650000.0,360.0,1.0,Rural Provinces,Lower Middle (Class C-),Home Improvement/Car,350160,1.8562942654786383
PH002016,Lalaki,Kasal,2,College Graduate,No,615360,0,1430000.0,360.0,1.0,Rural Provinces,Middle Class (Class C),Home Improvement/Car,615360,2.323842953718149
PH002017,Lalaki,Kasal,3+,College Graduate,No,1837440,0,1870000.0,360.0,1.0,Metro Manila,Upper Middle (Class B),House Purchase,1837440,1.01772030651341
PH002018,Lalaki,Kasal,2,College Graduate,No,474960,315840,1600000.0,360.0,1.0,Provincial Cities,Lower Middle (Class C-),House Purchase,790800,2.0232675771370765
PH002027,Lalaki,Kasal,0,College Graduate,No,520080,353400,1650000.0,360.0,1.0,Provincial Cities,Middle Class (Class C),House Purchase,873480,1.888995741173238
PH002028,Lalaki,Kasal,2,College Graduate,No,522960,0,1100000.0,360.0,1.0,Metro Manila,Middle Class (Class C),Home Improvement/Car,522960,2.1034113507725256
PH002042,Babae,Kasal,1,College Graduate,No,480000,470040,1730000.0,360.0,1.0,Rural Provinces,Lower Middle (Class C-),House Purchase,950040,1.8209759589069934
PH002045,Lalaki,Kasal,3+,College Graduate,No,1219920,90000,1500000.0,360.0,1.0,Metro Manila,Upper Middle (Class B),House Purchase,1309920,1.1451080982044706
PH002046,Lalaki,Kasal,0,High School/Vocational,No,537960,0,1350000.0,360.0,1.0,Provincial Cities,Middle Class (Class C),Home Improvement/Car,537960,2.509480258755298
PH002047,Lalaki,Kasal,2,High School/Vocational,No,542520,142080,1500000.0,360.0,1.0,Provincial Cities,Middle Class (Class C),House Purchase,684600,2.1910604732690624
PH002056,Lalaki,Kasal,2,College Graduate,No,1100040,0,2350000.0,360.0,1.0,Provincial Cities,Upper Middle (Class B),House Purchase,1100040,2.136285953238064
PH002057,Lalaki,Kasal,0,High School/Vocational,No,1569960,0,1250000.0,360.0,1.0,Rural Provinces,Upper Middle (Class B),Home Improvement/Car,1569960,0.7961986292644398
PH002059,Lalaki,Kasal,2,College Graduate,No,944880,476040,3360000.0,360.0,1.0,Rural Provinces,Middle Class (Class C),House Purchase,1420920,2.3646651465247865
PH002062,Babae,Kasal,1,College Graduate,No,519960,0,1320000.0,84.0,1.0,Rural Provinces,Middle Class (Class C),Home Improvement/Car,519960,2.538656819755366
PH002064,Lalaki,Single,0,College Graduate,No,489960,0,960000.0,360.0,1.0,Metro Manila,Lower Middle (Class C-),Home Improvement/Car,489960,1.9593436198873377
PH002069,Lalaki,Kasal,2,High School/Vocational,No,454200,349440,1800000.0,360.0,0.0,Rural Provinces,Lower Middle (Class C-),House Purchase,803640,2.2398088696431238
PH002070,Lalaki,Kasal,3+,High School/Vocational,No,318480,239760,1280000.0,360.0,0.0,Rural Provinces,Lower Middle (Class C-),Home Improvement/Car,558240,2.292920607623961
PH002077,Lalaki,Kasal,1,College Graduate,No,1200000,322800,4120000.0,360.0,1.0,Provincial Cities,Upper Middle (Class B),House Purchase,1522800,2.705542421854479
PH002083,Lalaki,Single,0,College Graduate,Yes,699960,0,1160000.0,360.0,1.0,Metro Manila,Middle Class (Class C),Home Improvement/Car,699960,1.657237556431796
PH002090,Lalaki,Kasal,1,College Graduate,No,575520,0,1140000.0,360.0,0.0,Provincial Cities,Middle Class (Class C),Home Improvement/Car,575520,1.9808173477898248
PH002096,Lalaki,Kasal,0,High School/Vocational,No,240000,192000,1150000.0,360.0,1.0,Rural Provinces,Low Income (Class D-E),Home Improvement/Car,432000,2.662037037037037
PH002099,Lalaki,Kasal,2,College Graduate,No,304800,84000,1040000.0,360.0,0.0,Metro Manila,Lower Middle (Class C-),Home Improvement/Car,388800,2.674897119341564
PH002102,Lalaki,Kasal,0,College Graduate,Yes,228000,173040,880000.0,360.0,1.0,Rural Provinces,Low Income (Class D-E),Home Improvement/Car,401040,2.194294833433074
PH002105,Lalaki,Kasal,0,College Graduate,Yes,1044720,0,1080000.0,480.0,1.0,Rural Provinces,Upper Middle (Class B),Home Improvement/Car,1044720,1.0337698139214335
PH002107,Lalaki,Kasal,3+,High School/Vocational,No,342600,65040,900000.0,360.0,1.0,Metro Manila,Lower Middle (Class C-),Home Improvement/Car,407640,2.207830438622314
PH002111,Lalaki,Kasal,0,College Graduate,No,361920,156000,1000000.0,360.0,1.0,Metro Manila,Lower Middle (Class C-),Home Improvement/Car,517920,1.930800123571208
PH002117,Babae,Kasal,0,College Graduate,No,379080,284880,1080000.0,360.0,1.0,Provincial Cities,Lower Middle (Class C-),Home Improvement/Car,663960,1.626604012289897
PH002118,Babae,Single,0,College Graduate,No,232440,138240,780000.0,360.0,1.0,Provincial Cities,Low Income (Class D-E),Home Improvement/Car,370680,2.1042408546455165
PH002123,Lalaki,Kasal,0,College Graduate,No,313560,290040,1230000.0,360.0,1.0,Provincial Cities,Lower Middle (Class C-),Home Improvement/Car,603600,2.0377733598409544
PH002125,Lalaki,Kasal,1,College Graduate,No,595200,312000,1870000.0,360.0,1.0,Provincial Cities,Middle Class (Class C),House Purchase,907200,2.061287477954145
PH002148,Lalaki,Kasal,1,College Graduate,No,368880,129960,1460000.0,360.0,1.0,Provincial Cities,Lower Middle (Class C-),Home Improvement/Car,498840,2.9267901531553204
PH002152,Babae,Single,0,College Graduate,No,505560,0,800000.0,360.0,1.0,Metro Manila,Middle Class (Class C),Home Improvement/Car,505560,1.582403671176517
PH002165,Lalaki,Single,1,High School/Vocational,No,244560,483240,1000000.0,360.0,1.0,Rural Provinces,Low Income (Class D-E),Home Improvement/Car,727800,1.3740038472107723
PH002167,Babae,Single,0,College Graduate,No,283440,0,550000.0,360.0,1.0,Metro Manila,Lower Middle (Class C-),Home Improvement/Car,283440,1.9404459497600903
PH002168,Lalaki,Single,0,College Graduate,No,639960,288000,2000000.0,360.0,0.0,Rural Provinces,Middle Class (Class C),House Purchase,927960,2.15526531316005
PH002172,Lalaki,Kasal,3+,College Graduate,Yes,646080,0,1500000.0,360.0,1.0,Provincial Cities,Middle Class (Class C),House Purchase,646080,2.321693907875186
PH002176,Lalaki,Single,0,College Graduate,No,684960,0,1500000.0,360.0,1.0,Rural Provinces,Middle Class (Class C),House Purchase,684960,2.189908899789769
PH002183,Lalaki,Kasal,0,High School/Vocational,No,450480,446280,1180000.0,360.0,1.0,Rural Provinces,Lower Middle (Class C-),Home Improvement/Car,896760,1.315848164503323
PH002184,Lalaki,Kasal,0,High School/Vocational,No,349680,255600,1500000.0,300.0,1.0,Metro Manila,Lower Middle (Class C-),House Purchase,605280,2.478191911181602
PH002186,Lalaki,Kasal,0,High School/Vocational,No,329640,294960,1180000.0,36.0,1.0,Provincial Cities,Lower Middle (Class C-),Home Improvement/Car,624600,1.8892090938200448
PH002192,Lalaki,Kasal,0,College Graduate,No,939600,261960,2120000.0,360.0,1.0,Rural Provinces,Middle Class (Class C),House Purchase,1201560,1.7643729817903393
PH002195,Lalaki,Kasal,1,College Graduate,Yes,420840,377760,2120000.0,360.0,1.0,Rural Provinces,Lower Middle (Class C-),House Purchase,798600,2.6546456298522414
PH002208,Lalaki,Kasal,1,College Graduate,No,449640,256680,1250000.0,360.0,1.0,Metro Manila,Lower Middle (Class C-),Home Improvement/Car,706320,1.7697360969532223
PH002212,Lalaki,Kasal,0,College Graduate,No,259920,259920,1080000.0,360.0,1.0,Metro Manila,Lower Middle (Class C-),Home Improvement/Car,519840,2.0775623268698062
PH002240,Lalaki,Kasal,0,High School/Vocational,No,420000,260160,1490000.0,360.0,1.0,Rural Provinces,Lower Middle (Class C-),Home Improvement/Car,680160,2.1906610209362505
PH002245,Lalaki,Kasal,2,High School/Vocational,No,347520,0,800000.0,480.0,1.0,Metro Manila,Lower Middle (Class C-),Home Improvement/Car,347520,2.3020257826887662
PH002253,Babae,Single,1,College Graduate,No,607440,0,1520000.0,300.0,1.0,Rural Provinces,Middle Class (Class C),House Purchase,607440,2.502304754379033
PH002256,Babae,Single,2,College Graduate,Yes,622080,0,1870000.0,360.0,0.0,Provincial Cities,Middle Class (Class C),House Purchase,622080,3.0060442386831276
PH002257,Babae,Single,0,College Graduate,No,305400,0,740000.0,360.0,1.0,Metro Manila,Lower Middle (Class C-),Home Improvement/Car,305400,2.423051735428946
PH002264,Lalaki,Kasal,0,College Graduate,No,306360,212160,1020000.0,360.0,1.0,Metro Manila,Lower Middle (Class C-),Home Improvement/Car,518520,1.9671372367507522
PH002270,Lalaki,Kasal,1,College Graduate,No,412320,457080,1000000.0,360.0,1.0,Rural Provinces,Lower Middle (Class C-),Home Improvement/Car,869400,1.1502185415228894
PH002279,Lalaki,Single,0,College Graduate,No,289440,330600,1300000.0,360.0,1.0,Rural Provinces,Lower Middle (Class C-),Home Improvement/Car,620040,2.09663892652087
PH002286,Lalaki,Kasal,3+,High School/Vocational,No,621600,0,1250000.0,360.0,0.0,Metro Manila,Middle Class (Class C),Home Improvement/Car,621600,2.0109395109395107
PH002294,Lalaki,Single,0,College Graduate,No,1789320,1740840,1300000.0,360.0,1.0,Provincial Cities,Upper Middle (Class B),Home Improvement/Car,3530160,0.3682552632175312
PH002298,Lalaki,Single,0,College Graduate,Yes,343200,358560,1380000.0,360.0,1.0,Metro Manila,Lower Middle (Class C-),Home Improvement/Car,701760,1.966484268125855
PH002306,Lalaki,Kasal,0,College Graduate,No,140760,191280,280000.0,180.0,1.0,Rural Provinces,Low Income (Class D-E),Small Business/Motorcycle,332040,0.8432718949524154
PH002310,Babae,Single,1,College Graduate,No,912000,0,920000.0,360.0,1.0,Provincial Cities,Middle Class (Class C),Home Improvement/Car,912000,1.0087719298245614
PH002311,Babae,Kasal,0,College Graduate,No,258840,214560,1040000.0,360.0,1.0,Metro Manila,Lower Middle (Class C-),Home Improvement/Car,473400,2.1968736797634136
PH002316,Lalaki,Single,0,College Graduate,No,267720,332880,1760000.0,360.0,0.0,Metro Manila,Lower Middle (Class C-),House Purchase,600600,2.93040293040293
PH002321,Babae,Single,0,College Graduate,No,272880,625320,1170000.0,360.0,0.0,Provincial Cities,Lower Middle (Class C-),Home Improvement/Car,898200,1.3026052104208417
PH002325,Lalaki,Kasal,2,High School/Vocational,No,739920,1677960,1020000.0,360.0,1.0,Rural Provinces,Middle Class (Class C),Home Improvement/Car,2417880,0.421857164127252
PH002326,Lalaki,Kasal,2,High School/Vocational,No,301560,133200,1070000.0,360.0,1.0,Provincial Cities,Lower Middle (Class C-),Home Improvement/Car,434760,2.46112797865489
PH002329,Lalaki,Single,0,College Graduate,No,519960,0,660000.0,480.0,1.0,Metro Manila,Middle Class (Class C),Home Improvement/Car,519960,1.269328409877683
PH002333,Lalaki,Single,0,High School/Vocational,No,461280,0,1050000.0,360.0,1.0,Metro Manila,Lower Middle (Class C-),Home Improvement/Car,461280,2.2762747138397503
PH002339,Lalaki,Kasal,0,College Graduate,No,466440,182040,1050000.0,360.0,0.0,Provincial Cities,Lower Middle (Class C-),Home Improvement/Car,648480,1.6191709844559585
PH002344,Lalaki,Kasal,0,College Graduate,No,421200,99360,1050000.0,360.0,1.0,Provincial Cities,Lower Middle (Class C-),Home Improvement/Car,520560,2.017058552328262
PH002346,Lalaki,Kasal,0,College Graduate,No,304680,204480,1250000.0,360.0,0.0,Rural Provinces,Lower Middle (Class C-),Home Improvement/Car,509160,2.45502396103386
PH002354,Babae,Single,0,High School/Vocational,No,252840,0,640000.0,360.0,1.0,Provincial Cities,Lower Middle (Class C-),Home Improvement/Car,252840,2.5312450561619997
PH002355,Lalaki,Kasal,0,College Graduate,No,382320,377400,1500000.0,180.0,0.0,Provincial Cities,Lower Middle (Class C-),House Purchase,759720,1.97441162533565
PH002358,Lalaki,Kasal,2,College Graduate,Yes,600000,259920,1500000.0,360.0,1.0,Metro Manila,Middle Class (Class C),House Purchase,859920,1.7443483114708345
PH002360,Lalaki,Kasal,0,College Graduate,No,1200000,0,1250000.0,360.0,1.0,Metro Manila,Upper Middle (Class B),Home Improvement/Car,1200000,1.0416666666666667
PH002375,Lalaki,Kasal,0,High School/Vocational,Yes,473160,0,640000.0,360.0,1.0,Provincial Cities,Lower Middle (Class C-),Home Improvement/Car,473160,1.352607997294784
PH002376,Lalaki,Single,0,College Graduate,No,351000,0,400000.0,180.0,1.0,Rural Provinces,Lower Middle (Class C-),Small Business/Motorcycle,351000,1.1396011396011396
PH002383,Lalaki,Kasal,3+,College Graduate,No,389040,52440,1420000.0,480.0,0.0,Metro Manila,Lower Middle (Class C-),Home Improvement/Car,441480,3.216453746489082
PH002385,Lalaki,Kasal,0,College Graduate,No,463560,0,700000.0,300.0,1.0,Provincial Cities,Lower Middle (Class C-),Home Improvement/Car,463560,1.5100526361204591
PH002389,Babae,Single,1,College Graduate,No,483360,0,1310000.0,360.0,1.0,Provincial Cities,Lower Middle (Class C-),Home Improvement/Car,483360,2.710195299569679
PH002394,Lalaki,Kasal,2,College Graduate,No,481200,123000,1200000.0,360.0,1.0,Metro Manila,Lower Middle (Class C-),Home Improvement/Car,604200,1.9860973187686197
PH002397,Babae,Kasal,1,College Graduate,No,446280,190200,1140000.0,360.0,1.0,Metro Manila,Lower Middle (Class C-),Home Improvement/Car,636480,1.7911010558069382
PH002399,Lalaki,Single,0,College Graduate,No,342960,0,1230000.0,360.0,0.0,Rural Provinces,Lower Middle (Class C-),Home Improvement/Car,342960,3.5864240727781667
PH002400,Babae,Kasal,0,College Graduate,No,459960,0,920000.0,360.0,1.0,Rural Provinces,Lower Middle (Class C-),Home Improvement/Car,459960,2.000173928167667
PH002402,Lalaki,Kasal,0,College Graduate,No,399960,514560,1600000.0,360.0,1.0,Metro Manila,Lower Middle (Class C-),House Purchase,914520,1.7495516773826707
PH002412,Lalaki,Kasal,0,College Graduate,No,360840,447000,1510000.0,360.0,1.0,Rural Provinces,Lower Middle (Class C-),House Purchase,807840,1.8691820162408397
PH002415,Babae,Single,1,College Graduate,No,222000,549960,810000.0,360.0,1.0,Rural Provinces,Low Income (Class D-E),Home Improvement/Car,771960,1.0492771646199286
PH002417,Lalaki,Kasal,3+,High School/Vocational,No,335040,314280,1710000.0,360.0,1.0,Provincial Cities,Lower Middle (Class C-),House Purchase,649320,2.633524302347071
PH002420,Lalaki,Kasal,0,College Graduate,No,357840,186000,1100000.0,360.0,1.0,Provincial Cities,Lower Middle (Class C-),Home Improvement/Car,543840,2.0226537216828477
PH002425,Lalaki,Single,0,College Graduate,No,410040,88560,1000000.0,360.0,1.0,Rural Provinces,Lower Middle (Class C-),Home Improvement/Car,498600,2.0056157240272765
PH002433,Lalaki,Kasal,1,College Graduate,No,2260800,0,2340000.0,360.0,1.0,Rural Provinces,Upper Class (Class A-B),House Purchase,2260800,1.035031847133758
PH002440,Lalaki,Kasal,2,College Graduate,No,359400,134400,1840000.0,360.0,1.0,Rural Provinces,Lower Middle (Class C-),House Purchase,493800,3.72620494127177
PH002441,Lalaki,Single,0,College Graduate,No,429480,396960,1380000.0,360.0,1.0,Provincial Cities,Lower Middle (Class C-),Home Improvement/Car,826440,1.6698126905764483
PH002442,Babae,Kasal,1,High School/Vocational,No,460200,168000,1120000.0,480.0,0.0,Metro Manila,Lower Middle (Class C-),Home Improvement/Car,628200,1.7828716969118115
PH002445,Babae,Single,1,High School/Vocational,No,462480,429000,1170000.0,360.0,1.0,Rural Provinces,Lower Middle (Class C-),Home Improvement/Car,891480,1.31242428321443
PH002450,Lalaki,Kasal,2,College Graduate,No,699960,90000,490000.0,360.0,0.0,Rural Provinces,Middle Class (Class C),Small Business/Motorcycle,789960,0.6202845713707024
PH002471,Lalaki,Single,0,College Graduate,No,420960,0,990000.0,360.0,1.0,Rural Provinces,Lower Middle (Class C-),Home Improvement/Car,420960,2.3517673888255417
PH002476,Babae,Kasal,3+,High School/Vocational,No,196200,293280,990000.0,360.0,1.0,Metro Manila,Low Income (Class D-E),Home Improvement/Car,489480,2.0225545476832556
PH002482,Babae,Single,0,College Graduate,Yes,399960,469920,2120000.0,360.0,1.0,Rural Provinces,Lower Middle (Class C-),House Purchase,869880,2.43711776336966
PH002485,Lalaki,Single,1,College Graduate,No,2975640,0,2400000.0,360.0,1.0,Provincial Cities,Upper Class (Class A-B),House Purchase,2975640,0.8065491793362101
PH002495,Lalaki,Kasal,2,College Graduate,No,680040,52800,1300000.0,360.0,0.0,Provincial Cities,Middle Class (Class C),Home Improvement/Car,732840,1.773920637519786
PH002496,Babae,Single,0,College Graduate,No,420000,0,940000.0,360.0,0.0,Provincial Cities,Lower Middle (Class C-),Home Improvement/Car,420000,2.238095238095238
PH002523,Lalaki,Kasal,3+,College Graduate,No,332760,179640,1080000.0,360.0,1.0,Provincial Cities,Lower Middle (Class C-),Home Improvement/Car,512400,2.107728337236534
PH002542,Lalaki,Kasal,0,College Graduate,No,780000,0,1440000.0,360.0,1.0,Metro Manila,Middle Class (Class C),Home Improvement/Car,780000,1.8461538461538463
PH002550,Babae,Single,0,College Graduate,No,692280,0,1100000.0,180.0,1.0,Provincial Cities,Middle Class (Class C),Home Improvement/Car,692280,1.5889524469867684
PH002551,Lalaki,Kasal,3+,High School/Vocational,No,436080,109200,1760000.0,360.0,0.0,Provincial Cities,Lower Middle (Class C-),House Purchase,545280,3.227699530516432
PH002553,Lalaki,Single,0,College Graduate,No,3500040,0,1850000.0,360.0,1.0,Provincial Cities,Upper Class (Class A-B),House Purchase,3500040,0.5285653878241392
PH002554,Lalaki,Single,0,College Graduate,No,259920,246840,1220000.0,360.0,1.0,Provincial Cities,Lower Middle (Class C-),Home Improvement/Car,506760,2.4074512589786092
PH002561,Lalaki,Kasal,0,College Graduate,No,600000,0,1260000.0,360.0,1.0,Rural Provinces,Middle Class (Class C),Home Improvement/Car,600000,2.1
PH002566,Babae,Single,0,College Graduate,No,663600,0,1350000.0,360.0,1.0,Metro Manila,Middle Class (Class C),Home Improvement/Car,663600,2.034358047016275
PH002568,Lalaki,Single,0,High School/Vocational,No,1080000,0,1220000.0,360.0,1.0,Rural Provinces,Upper Middle (Class B),Home Improvement/Car,1080000,1.1296296296296295
PH002570,Babae,Kasal,2,College Graduate,No,1200000,1399920,4600000.0,360.0,1.0,Metro Manila,Upper Middle (Class B),House Purchase,2599920,1.7692852087756545
PH002572,Lalaki,Kasal,1,College Graduate,No,1050000,0,2970000.0,360.0,1.0,Metro Manila,Upper Middle (Class B),House Purchase,1050000,2.8285714285714287
PH002581,Lalaki,Kasal,0,High School/Vocational,No,258840,327600,1400000.0,360.0,1.0,Rural Provinces,Lower Middle (Class C-),Home Improvement/Car,586440,2.387285996862424
PH002584,Lalaki,Single,0,College Graduate,No,236640,521640,1060000.0,360.0,1.0,Rural Provinces,Low Income (Class D-E),Home Improvement/Car,758280,1.3979005116843382
PH002592,Lalaki,Single,0,College Graduate,No,597960,0,1410000.0,360.0,1.0,Metro Manila,Middle Class (Class C),Home Improvement/Car,597960,2.3580172586795105
PH002593,Lalaki,Kasal,1,College Graduate,No,999960,480000,1250000.0,360.0,1.0,Metro Manila,Middle Class (Class C),Home Improvement/Car,1479960,0.844617422092489
PH002599,Lalaki,Kasal,0,College Graduate,No,440040,240000,1700000.0,360.0,1.0,Provincial Cities,Lower Middle (Class C-),House Purchase,680040,2.4998529498264808
PH002604,Lalaki,Kasal,2,College Graduate,No,379920,339960,1450000.0,360.0,1.0,Metro Manila,Lower Middle (Class C-),Home Improvement/Car,719880,2.0142245929877203
PH002605,Lalaki,Single,0,High School/Vocational,No,392520,0,900000.0,360.0,1.0,Rural Provinces,Lower Middle (Class C-),Home Improvement/Car,392520,2.2928767960868237
PH002609,Babae,Kasal,0,College Graduate,No,268920,240000,880000.0,360.0,0.0,Metro Manila,Lower Middle (Class C-),Home Improvement/Car,508920,1.7291519295763578
PH002610,Lalaki,Kasal,1,High School/Vocational,No,215040,307800,1280000.0,360.0,1.0,Metro Manila,Low Income (Class D-E),Home Improvement/Car,522840,2.448167699487415
PH002612,Babae,Kasal,0,College Graduate,No,319920,0,840000.0,480.0,1.0,Provincial Cities,Lower Middle (Class C-),Home Improvement/Car,319920,2.625656414103526
PH002614,Lalaki,Single,0,College Graduate,No,777360,0,1080000.0,360.0,1.0,Provincial Cities,Middle Class (Class C),Home Improvement/Car,777360,1.389317690645261
PH002630,Lalaki,Single,0,High School/Vocational,No,456960,0,830000.0,360.0,1.0,Rural Provinces,Lower Middle (Class C-),Home Improvement/Car,456960,1.8163515406162465
PH002635,Babae,Kasal,2,High School/Vocational,No,447480,0,1170000.0,360.0,1.0,Provincial Cities,Lower Middle (Class C-),Home Improvement/Car,447480,2.6146419951729687
PH002639,Lalaki,Kasal,2,College Graduate,No,494400,0,1280000.0,360.0,1.0,Rural Provinces,Lower Middle (Class C-),Home Improvement/Car,494400,2.588996763754045
PH002644,Lalaki,Kasal,1,College Graduate,Yes,900000,0,750000.0,360.0,1.0,Metro Manila,Middle Class (Class C),Home Improvement/Car,900000,0.8333333333333334
PH002651,Lalaki,Kasal,1,College Graduate,No,756000,0,1250000.0,360.0,0.0,Metro Manila,Middle Class (Class C),Home Improvement/Car,756000,1.6534391534391535
PH002654,Babae,Single,0,College Graduate,Yes,1798440,0,1770000.0,360.0,1.0,Rural Provinces,Upper Middle (Class B),House Purchase,1798440,0.984186294788817
PH002657,Lalaki,Kasal,1,High School/Vocational,Yes,68400,255000,680000.0,360.0,1.0,Rural Provinces,Low Income (Class D-E),Home Improvement/Car,323400,2.102659245516388
PH002711,Lalaki,Kasal,0,College Graduate,No,312000,84000,960000.0,360.0,1.0,Provincial Cities,Lower Middle (Class C-),Home Improvement/Car,396000,2.4242424242424243
PH002712,Lalaki,Single,2,High School/Vocational,No,327960,129960,1800000.0,360.0,1.0,Provincial Cities,Lower Middle (Class C-),House Purchase,457920,3.930817610062893
PH002721,Lalaki,Kasal,2,College Graduate,Yes,900000,0,1830000.0,360.0,1.0,Rural Provinces,Middle Class (Class C),House Purchase,900000,2.033333333333333
PH002735,Lalaki,Kasal,2,High School/Vocational,No,463080,0,1210000.0,360.0,1.0,Rural Provinces,Lower Middle (Class C-),Home Improvement/Car,463080,2.612939448907316
PH002744,Lalaki,Kasal,1,College Graduate,No,819000,0,1620000.0,360.0,1.0,Rural Provinces,Middle Class (Class C),House Purchase,819000,1.978021978021978
PH002745,Lalaki,Kasal,0,College Graduate,No,444960,564000,1320000.0,360.0,1.0,Provincial Cities,Lower Middle (Class C-),Home Improvement/Car,1008960,1.308277830637488
PH002746,Lalaki,Single,0,College Graduate,No,637680,0,1470000.0,360.0,1.0,Metro Manila,Middle Class (Class C),Home Improvement/Car,637680,2.3052314640572074
PH002747,Babae,Single,3+,College Graduate,No,283920,632640,1530000.0,360.0,0.0,Rural Provinces,Lower Middle (Class C-),House Purchase,916560,1.6692851531814612
PH002754,Lalaki,Single,0,College Graduate,No,247920,252960,1040000.0,84.0,1.0,Metro Manila,Low Income (Class D-E),Home Improvement/Car,500880,2.0763456316882287
PH002759,Lalaki,Kasal,2,College Graduate,No,600000,0,1490000.0,360.0,1.0,Rural Provinces,Middle Class (Class C),Home Improvement/Car,600000,2.4833333333333334
PH002760,Babae,Single,0,College Graduate,No,452040,0,1340000.0,300.0,1.0,Metro Manila,Lower Middle (Class C-),Home Improvement/Car,452040,2.9643394389877002
PH002766,Babae,Kasal,0,College Graduate,No,943080,105480,1650000.0,180.0,1.0,Provincial Cities,Middle Class (Class C),House Purchase,1048560,1.5735866330968185
PH002769,Babae,Kasal,0,College Graduate,No,513960,0,1200000.0,360.0,1.0,Rural Provinces,Middle Class (Class C),Home Improvement/Car,513960,2.334812047630166
PH002774,Lalaki,Kasal,0,High School/Vocational,No,204000,348000,670000.0,360.0,0.0,Metro Manila,Low Income (Class D-E),Home Improvement/Car,552000,1.213768115942029
PH002775,Lalaki,Single,0,High School/Vocational,No,572160,0,1250000.0,360.0,1.0,Rural Provinces,Middle Class (Class C),Home Improvement/Car,572160,2.1847035794183447
PH002781,Lalaki,Single,0,College Graduate,No,369960,328560,1200000.0,360.0,1.0,Metro Manila,Lower Middle (Class C-),Home Improvement/Car,698520,1.7179178835251674
PH002782,Lalaki,Kasal,1,College Graduate,No,320040,185040,1480000.0,360.0,1.0,Rural Provinces,Lower Middle (Class C-),Home Improvement/Car,505080,2.9302288746337215
PH002786,Babae,Kasal,0,High School/Vocational,No,197640,211440,1810000.0,360.0,1.0,Metro Manila,Low Income (Class D-E),House Purchase,409080,4.424562432775985
PH002790,Lalaki,Kasal,3+,College Graduate,No,408000,0,800000.0,120.0,1.0,Metro Manila,Lower Middle (Class C-),Home Improvement/Car,408000,1.9607843137254901
PH002791,Lalaki,Single,1,College Graduate,No,1920000,600000,400000.0,360.0,1.0,Provincial Cities,Upper Middle (Class B),Small Business/Motorcycle,2520000,0.15873015873015872
PH002793,Lalaki,Kasal,0,College Graduate,No,639960,0,900000.0,360.0,1.0,Rural Provinces,Middle Class (Class C),Home Improvement/Car,639960,1.4063378961185073
PH002802,Lalaki,Single,0,College Graduate,No,345000,289920,950000.0,6.0,0.0,Provincial Cities,Lower Middle (Class C-),Home Improvement/Car,634920,1.4962514962514963
PH002803,Lalaki,Kasal,1,High School/Vocational,No,312000,74160,1220000.0,360.0,1.0,Provincial Cities,Lower Middle (Class C-),Home Improvement/Car,386160,3.1593122021959807
PH002805,Lalaki,Kasal,2,College Graduate,No,604920,84000,1500000.0,360.0,1.0,Metro Manila,Middle Class (Class C),House Purchase,688920,2.17732102421181
PH002806,Lalaki,Kasal,3+,College Graduate,Yes,834960,169320,1500000.0,360.0,1.0,Rural Provinces,Middle Class (Class C),House Purchase,1004280,1.4936073604970725
PH002816,Lalaki,Kasal,1,College Graduate,No,420000,198960,1040000.0,360.0,1.0,Provincial Cities,Lower Middle (Class C-),Home Improvement/Car,618960,1.6802378182758175
PH002823,Lalaki,Kasal,0,College Graduate,No,661080,0,1430000.0,360.0,1.0,Rural Provinces,Middle Class (Class C),Home Improvement/Car,661080,2.1631270042960007
PH002825,Lalaki,Kasal,3+,College Graduate,No,1163880,0,3000000.0,360.0,1.0,Metro Manila,Upper Middle (Class B),House Purchase,1163880,2.5775853180740285
PH002826,Babae,Kasal,1,High School/Vocational,No,434520,326040,1710000.0,360.0,1.0,Metro Manila,Lower Middle (Class C-),House Purchase,760560,2.2483433259703376
PH002843,Babae,Kasal,0,College Graduate,No,565080,0,1130000.0,360.0,1.0,Provincial Cities,Middle Class (Class C),Home Improvement/Car,565080,1.9997168542507255
PH002849,Lalaki,Kasal,0,College Graduate,No,181920,234120,350000.0,360.0,1.0,Provincial Cities,Low Income (Class D-E),Small Business/Motorcycle,416040,0.8412652629554851
PH002850,Lalaki,Single,2,College Graduate,No,288000,0,460000.0,360.0,1.0,Metro Manila,Lower Middle (Class C-),Small Business/Motorcycle,288000,1.5972222222222223
PH002853,Babae,Single,0,High School/Vocational,No,361800,240000,1450000.0,360.0,1.0,Metro Manila,Lower Middle (Class C-),Home Improvement/Car,601800,2.409438351611831
PH002856,Lalaki,Kasal,0,College Graduate,No,275040,186960,1190000.0,360.0,1.0,Metro Manila,Lower Middle (Class C-),Home Improvement/Car,462000,2.5757575757575757
PH002857,Lalaki,Kasal,1,College Graduate,Yes,283200,402600,870000.0,240.0,1.0,Rural Provinces,Lower Middle (Class C-),Home Improvement/Car,685800,1.268591426071741
PH002858,Babae,Single,0,College Graduate,No,519960,279960,1620000.0,360.0,0.0,Rural Provinces,Middle Class (Class C),House Purchase,799920,2.025202520252025
PH002860,Lalaki,Kasal,0,College Graduate,Yes,314760,579720,1220000.0,180.0,1.0,Provincial Cities,Lower Middle (Class C-),Home Improvement/Car,894480,1.3639209373043557
PH002867,Lalaki,Single,0,College Graduate,Yes,476640,513000,1870000.0,360.0,1.0,Rural Provinces,Lower Middle (Class C-),House Purchase,989640,1.8895760074370478
PH002869,Lalaki,Kasal,3+,High School/Vocational,No,422640,0,810000.0,180.0,1.0,Rural Provinces,Lower Middle (Class C-),Home Improvement/Car,422640,1.9165247018739353
PH002870,Lalaki,Kasal,1,College Graduate,No,564000,0,800000.0,360.0,1.0,Metro Manila,Middle Class (Class C),Home Improvement/Car,564000,1.4184397163120568
PH002876,Lalaki,Single,0,College Graduate,No,822960,0,1760000.0,360.0,1.0,Rural Provinces,Middle Class (Class C),House Purchase,822960,2.1386215611937396
PH002878,Lalaki,Kasal,3+,College Graduate,No,1000080,0,2600000.0,360.0,1.0,Metro Manila,Upper Middle (Class B),House Purchase,1000080,2.599792016638669
PH002879,Lalaki,Kasal,0,College Graduate,No,406920,235920,1330000.0,360.0,0.0,Rural Provinces,Lower Middle (Class C-),Home Improvement/Car,642840,2.0689440607305083
PH002885,Lalaki,Single,0,High School/Vocational,No,344160,0,700000.0,360.0,1.0,Metro Manila,Lower Middle (Class C-),Home Improvement/Car,344160,2.0339377033937702
PH002890,Lalaki,Kasal,2,High School/Vocational,No,410160,165600,1350000.0,360.0,1.0,Metro Manila,Lower Middle (Class C-),Home Improvement/Car,575760,2.3447269695706545
PH002891,Lalaki,Kasal,0,College Graduate,Yes,300000,35520,1370000.0,300.0,1.0,Rural Provinces,Lower Middle (Class C-),Home Improvement/Car,335520,4.083214115402956
PH002899,Lalaki,Kasal,2,College Graduate,No,1040040,0,2540000.0,360.0,1.0,Rural Provinces,Upper Middle (Class B),House Purchase,1040040,2.442213761009192
PH002901,Lalaki,Single,0,College Graduate,No,273960,1800000,1060000.0,360.0,1.0,Rural Provinces,Lower Middle (Class C-),Home Improvement/Car,2073960,0.5110995390460761
PH002907,Lalaki,Kasal,0,College Graduate,No,698040,109200,1090000.0,360.0,1.0,Metro Manila,Middle Class (Class C),Home Improvement/Car,807240,1.3502799663049403
PH002920,Lalaki,Kasal,0,College Graduate,No,614280,452280,1200000.0,360.0,1.0,Rural Provinces,Middle Class (Class C),Home Improvement/Car,1066560,1.125112511251125
PH002921,Lalaki,Kasal,3+,High School/Vocational,No,637920,22440,1580000.0,180.0,0.0,Provincial Cities,Middle Class (Class C),House Purchase,660360,2.392634320673572
PH002932,Lalaki,Kasal,3+,College Graduate,No,912360,145560,1970000.0,360.0,1.0,Metro Manila,Middle Class (Class C),House Purchase,1057920,1.8621445856019359
PH002935,Lalaki,Kasal,1,College Graduate,No,454920,232320,850000.0,360.0,1.0,Metro Manila,Lower Middle (Class C-),Home Improvement/Car,687240,1.2368313835050346
PH002952,Lalaki,Single,0,College Graduate,No,300000,0,600000.0,360.0,1.0,Metro Manila,Lower Middle (Class C-),Home Improvement/Car,300000,2.0
PH002954,Lalaki,Kasal,2,High School/Vocational,No,375840,0,760000.0,360.0,1.0,Rural Provinces,Lower Middle (Class C-),Home Improvement/Car,375840,2.0221370796083438
PH002962,Lalaki,Single,0,College Graduate,No,480000,320040,1520000.0,360.0,1.0,Provincial Cities,Lower Middle (Class C-),House Purchase,800040,1.8999050047497625
PH002965,Babae,Kasal,0,College Graduate,No,1026000,510600,960000.0,360.0,1.0,Metro Manila,Upper Middle (Class B),Home Improvement/Car,1536600,0.6247559547051933
PH002969,Lalaki,Kasal,1,College Graduate,No,272280,260040,990000.0,360.0,1.0,Provincial Cities,Lower Middle (Class C-),Home Improvement/Car,532320,1.8597835888187557
PH002971,Lalaki,Kasal,3+,High School/Vocational,Yes,481080,213240,1130000.0,360.0,1.0,Metro Manila,Lower Middle (Class C-),Home Improvement/Car,694320,1.6274916465030533
PH002975,Lalaki,Kasal,0,College Graduate,No,498960,85080,1150000.0,360.0,1.0,Metro Manila,Lower Middle (Class C-),Home Improvement/Car,584040,1.9690432162180673
PH002980,Lalaki,Single,0,College Graduate,No,390000,239160,1260000.0,360.0,1.0,Provincial Cities,Lower Middle (Class C-),Home Improvement/Car,629160,2.0026702269692924
PH002986,Lalaki,Kasal,0,College Graduate,No,600000,287160,1580000.0,360.0,1.0,Rural Provinces,Middle Class (Class C),House Purchase,887160,1.7809639749312414
PH002989,Lalaki,Single,0,College Graduate,Yes,1104000,0,980000.0,180.0,1.0,Rural Provinces,Upper Middle (Class B),Home Improvement/Car,1104000,0.8876811594202898
